Услуги и цены	Usluge i cene	Services and pricing
Услуги	Usluge	Services
и цены	i cene	and pricing
Услуги и цены — Фёдор Клушин	Usluge i cene — Fjodor Klušin	Services and pricing — Fedor Klushin
Сайты · айдентика · графика	Sajtovi · vizuelni identitet · grafički dizajn	Websites · brand identity · graphic design
Выберите направление — обсудим вашу задачу и определим стоимость.	Izaberite oblast — razgovaraćemo o vašem projektu i dogovoriti cenu.	Choose a service — we’ll discuss your project and agree on a price.
Обсудить проект	Razgovarajmo o projektu	Discuss a project
Сайты и UI/UX	Sajtovi i UI/UX	Websites and UI/UX
дизайн лендинга	dizajn landing stranice	landing page design
дизайн многостраничного сайта	dizajn sajta sa više stranica	multi-page website design
сайт на Tilda под ключ	kompletna izrada sajta na platformi Tilda	complete Tilda website
отдельный экран / страница интерфейса	pojedinačni ekran / stranica interfejsa	individual interface screen / page
Айдентика и графический дизайн	Vizuelni identitet i grafički dizajn	Brand identity and graphic design
логотип	logotip	logo
логотип + базовый фирменный стиль	logotip + osnovni vizuelni identitet	logo + basic brand identity
фирменный стиль / айдентика	vizuelni identitet brenda	brand identity
визитка	vizitkarta	business card
баннер / рекламный креатив	baner / reklamni vizual	banner / ad creative
оформление соцсетей	dizajn za društvene mreže	social media design
Презентации	Prezentacije	Presentations
дизайн презентации	dizajn prezentacije	presentation design
презентация до 10 слайдов	prezentacija do 10 slajdova	presentation of up to 10 slides
Дополнительно	Dodatne usluge	Additional services
подготовка макетов к печати	priprema dizajna za štampu	print preparation
оформление рекламных материалов	dizajn reklamnih materijala	promotional materials design
простой Telegram-бот под задачу	jednostavan Telegram bot za određeni zadatak	simple Telegram bot for a specific task
Перед началом работы	Pre početka rada	Before we start
Стоимость зависит от объёма и сложности проекта. Перед началом работы согласовываем задачу, сроки и итоговую цену.	Cena zavisi od obima i složenosti projekta. Pre početka rada dogovaramo zadatak, rokove i konačnu cenu.	The price depends on the scope and complexity of the project. Before starting, we agree on the brief, timeline and final price.
Посмотреть работы	Pogledajte radove	View my work
от 10 000 ₽	od 10 000 ₽	from 10 000 ₽
от 17 000 ₽	od 17 000 ₽	from 17 000 ₽
от 12 000 ₽	od 12 000 ₽	from 12 000 ₽
от 2 500 ₽	od 2 500 ₽	from 2 500 ₽
от 3 500 ₽	od 3 500 ₽	from 3 500 ₽
от 13 000 ₽	od 13 000 ₽	from 13 000 ₽
от 1 000 ₽	od 1 000 ₽	from 1 000 ₽
от 1 500 ₽	od 1 500 ₽	from 1 500 ₽
от 3 000 ₽	od 3 000 ₽	from 3 000 ₽
от 800 ₽ за слайд	od 800 ₽ po slajdu	from 800 ₽ per slide
от 8 000 ₽	od 8 000 ₽	from 8 000 ₽
от 2 000 ₽	od 2 000 ₽	from 2 000 ₽
от 7 000 ₽	od 7 000 ₽	from 7 000 ₽
